{
    "Logistic Regression (L2)": {
        "accuracy": 0.8118668596237337,
        "precision": 0.7598425196850394,
        "recall": 0.7366412213740458,
        "f1": 0.748062015503876,
        "roc_auc": 0.8570259257282158
    },
    "Random Forest": {
        "accuracy": 0.8147612156295224,
        "precision": 0.7658730158730159,
        "recall": 0.7366412213740458,
        "f1": 0.7509727626459144,
        "roc_auc": 0.8656070392711616
    },
    "XGBoost": {
        "accuracy": 0.8277858176555717,
        "precision": 0.8068669527896996,
        "recall": 0.7175572519083969,
        "f1": 0.7595959595959596,
        "roc_auc": 0.8803315005605081
    },
    "Neural Network": {
        "accuracy": 0.8133140376266281,
        "precision": 0.7736625514403292,
        "recall": 0.7175572519083969,
        "f1": 0.7445544554455445,
        "roc_auc": 0.842586167013648
    }
}